https://blog.gitpod.io/* https://www.gitpod.io/blog/:splat 301!
https://community.gitpod.io/* https://www.gitpod.io/chat 301!
/blog/gitlab-integration/+ /blog/gitlab-integration 301
/careers https://gitpod.crew.work/jobs 301
/chat https://discord.com/invite/gitpod 301
/code-of-conduct https://github.com/gitpod-io/.github/blob/main/CODE_OF_CONDUCT.md
/configure/editor /docs/editors/vscode 301
/direction https://www.notion.so/gitpod/Gitpod-s-Direction-be35d064c0704fbda61c542b84e07ef6 301
/docs/10_getting_started /docs/introduction/getting-started 301
/docs/10_Getting_Started /docs/introduction/getting-started 301
/docs/20_browser_extension /docs/configure/users/browser-extension 301
/docs/20_Browser_Extension /docs/configure/users/browser-extension 301
/docs/30_workspaces /docs/introduction/learn-gitpod/one-workspace-per-task 301
/docs/31_context_urls /docs/introduction/learn-gitpod/context-url 301
/docs/32_life_of_workspace /docs/introduction/learn-gitpod/the-life-of-a-workspace 301
/docs/32_Life_of_Workspace /docs/introduction/learn-gitpod/the-life-of-a-workspace 301
/docs/33_sharing_and_collaboration /docs/configure/workspaces/collaboration 301
/docs/33_Sharing_and_Collaboration /docs/configure/workspaces/collaboration 301
/docs/34_command_line_interface /docs/references/gitpod-cli 301
/docs/40_configuration /docs/configure 301
/docs/40_Configuration /docs/configure 301
/docs/41_config_gitpod_file /docs/references/gitpod-yml 301
/docs/41_Config_Gitpod_File /docs/references/gitpod-yml 301
/docs/42_config_docker /docs/integrations/docker 301
/docs/43_config_ports /docs/configure/projects/ports 301
/docs/44_config_start_tasks /docs/configure/projects/tasks 301
/docs/45_checkout_location /docs/configure/projects/workspace-location 301
/docs/45_Checkout_Location /docs/configure/projects/workspace-location 301
/docs/45_Config_Go /docs/configure/projects/workspace-location 301
/docs/46_prebuilds /docs/configure/projects/prebuilds 301
/docs/47_environment_variables /docs/configure/projects/environment-variables 301
/docs/47_Environment_Variables /docs/configure/projects/environment-variables 301
/docs/50_ide /docs/ide 301
/docs/52_tips_and_tricks /docs/tips-and-tricks 301
/docs/54_git /docs/git 301
/docs/56_search /docs/search 301
/docs/58_pull_requests /docs/pull-requests 301
/docs/58_Pull_Requests /docs/pull-requests 301
/docs/59_code_review /docs/code-review 301
/docs/60_dashboard /docs/dashboard 301
/docs/70_subscription /docs/subscription 301
/docs/80_release_notes /docs/release-notes 301
/docs/bash-in-gitpod /docs 301
/docs/languages/bash /docs 301
/docs/changelog /changelog 301
/docs/configuration /docs/configure 301
/docs/cpp-in-gitpod /docs/languages/cpp 301
/docs/develop/vscode-desktop-support /docs/editors/vscode 301
/docs/dotnet-in-gitpod /docs/introduction/languages/dotnet 301
/docs/go_in_gitpod /docs/go-in-gitpod 301
/docs/go-in-gitpod /docs/languages/go 301
/docs/html-in-gitpod /docs/languages/html 301
/docs/ide /docs/editors 301
/docs/ides-and-editors/configure-your-editor-ide /docs/references/ides-and-editors 301
/docs/editors /docs/references/ides-and-editors 301
/docs/editors/vscode-browser /docs/references/ides-and-editors/vscode-browser
/docs/editors/Goland /docs/references/ides-and-editors/Goland
/docs/editors/intellij /docs/references/ides-and-editors/intellij
/docs/editors/vscode /docs/references/ides-and-editors/vscode
/docs/editors/clion /docs/references/ides-and-editors/clion
/docs/editors/datagrip /docs/references/ides-and-editors
/docs/ides-and-editors/datagrip /docs/references/ides-and-editors
/docs/editors/phpstorm /docs/references/ides-and-editors/phpstorm
/docs/editors/pycharm /docs/references/ides-and-editors/pycharm
/docs/editors/rider /docs/references/ides-and-editors/rider
/docs/editors/rubymine /docs/references/ides-and-editors/rubymine
/docs/editors/webstorm /docs/references/ides-and-editors/webstorm
/docs/develop/local-companion /docs/references/ides-and-editors/local-companion 301
/docs/vscode-extensions /docs/references/ides-and-editors/vscode-extensions 301
/docs/index.html /docs 301
/docs/integrations/jetbrains /docs/editors 301
/docs/java_in_gitpod /docs/java-in-gitpod 301
/docs/java-in-gitpod /docs/introduction/languages/java 301
/docs/julia_in_gitpod /docs/julia-in-gitpod 301
/docs/julia-in-gitpod /docs/languages/julia 301
/docs/languages_and_frameworks /docs/languages 301
/docs/languages-and-frameworks /docs/languages 301
/docs/languages/pandas /docs/languages/python#pandas 301
/docs/php-in-gitpod /docs/languages/php 301
/docs/professional-open-source /for/opensource 301
/docs/python_in_gitpod /docs/python-in-gitpod 301
/docs/python-in-gitpod /docs/languages/python 301
/docs/r-in-gitpod /docs/languages/r 301
/docs/ruby-in-gitpod /docs/languages/ruby 301
/docs/rust-in-gitpod /docs/languages/rust 301
/docs/self-hosted/latest/self-hosted /docs/configure/self-hosted/latest 301
/docs/self-hosted/latest/installation/on-kubernetes /docs/configure/self-hosted/latest/installation 301
/docs/vue-in-gitpod /docs/languages/vue 301
/docs/editors/jetbrains-private-beta /docs/editors/ 301
/education /pricing#do-you-offer-discounts-for-students-and-educational-institutions 301
/gitpod-business.html /pricing 301
/gitpod-vs-codespaces /vs/github-codespaces 301
/media /blog/next-chapter-for-gitpod 301
/memes https://github.com/gitpod-io/gitpod/issues/6877 301
/privacy/terms.html /terms 301
/references/changelog /changelog 301
/roadmap https://github.com/orgs/gitpod-io/projects/27/views/1 301
/screencasts/always-ready-to-code /screencasts/getting-started-with-gitpod 301
/screencasts/navigating-your-workspace /screencasts/my-workspace-is-running-now-what 301
/values https://www.notion.so/gitpod/Brand-Values-2ed4c2f93c84499b98e3b5389980992e
/dashboard https://gitpod.io/ 301
/projects https://gitpod.io/ 301
/workspaces https://gitpod.io/workspaces/ 301
/settings https://gitpod.io/account 301
/notifications https://gitpod.io/notifications 301
/plans https://gitpod.io/plans 301
/teams https://gitpod.io/teams 301
/variables https://gitpod.io/variables 301
/integrations https://gitpod.io/integrations 301
/preferences https://gitpod.io/preferences 301
/gitpod-vs-github-codespaces /vs/github-codespaces 301
/changelog/introducing-teams-&-projects /changelog/introducing-teams-and-projects
/github-teacher-toolbox /pricing 301
/customers/4geeks /for/education/4geeks 301
/customers/bruno-rocha /for/education/bruno-rocha 301
/docs/self-hosted/latest/reference-architecture/production-ready-single-cluster /docs/configure/self-hosted/latest/reference-architecture/single-cluster-ref-arch 301
/docs/self-hosted/latest/support-patches /docs/configure/self-hosted/latest/config-patches 301
/docs/self-hosted/latest/getting-started#step-4-install-gitpod /docs/configure/self-hosted/latest/installing-gitpod#install-gitpod 301
/docs/self-hosted/latest/getting-started /docs/configure/self-hosted/latest/installing-gitpod 301
/docs/self-hosted/latest/resource-configuration /docs/configure/self-hosted/latest/advanced/resource-configuration 301
/docs/prebuilds /docs/configure/projects/prebuilds 301
/docs/sharing-and-collaboration /docs/configure/workspaces/collaboration 301
/docs/quickstart /docs/introduction/getting-started 301
/docs/browser-bookmarklet /docs/configure/users/browser-bookmarklet 301
/docs/self-hosted/latest /docs/configure/self-hosted/latest 301
/docs/ides-and-editors /docs/references/ides-and-editors 301
/docs/references/ides-and-editors/jetbrains-gateway /docs/integrations/jetbrains-gateway 301
/docs/command-line-interface /docs/references/gitpod-cli 301
/docs/config-gitpod-file /docs/references/gitpod-yml 301
/docs/references/gitpod-releases /docs/support/release-cycle 301
/docs/bitbucket-server-integration /docs/configure/authentication/bitbucket-server 301
/docs/bitbucket-integration  /docs/configure/authentication/bitbucket 301
/docs/gitlab-integration /docs/configure/authentication/gitlab 301
/docs/github-integration /docs/configure/authentication/github 301
/docs/github-enterprise-integration /docs/configure/authentication/github-enterprise 301
/blog/gitpodify /guides/gitpodify 301
/docs/references/gp-cli /docs/references/gitpod-cli 301
/docs/context-urls /docs/introduction/learn-gitpod/context-url 301
/docs/config-dotfiles /docs/configure/users/dotfiles 301
/docs/teams-and-projects /docs/configure 301
/docs/getting-started /docs/introduction/getting-started 301
/docs/teams /docs/configure/teams 301
/docs/config-start-tasks /docs/configure/projects/tasks 301
/docs/environment-variables /docs/configure/projects/environment-variables 301
/docs/browser-extension /docs/configure/users/browser-extension 301
/docs/configure/ssh /docs/configure/users/ssh 301
/docs/troubleshooting /docs/support/troubleshooting 301
/docs/config-ports /docs/configure/projects/ports 301
/docs/languages/svelte /docs/introduction/languages/svelte 301
/docs/config-docker /docs/integrations/docker 301
/docs/develop /docs/introduction/learn-gitpod 301
/docs/languages/dotnet /docs/introduction/languages/dotnet 301
/docs/workspaces /docs/introduction/learn-gitpod/one-workspace-per-task 301
/docs/the-life-of-workspace /docs/introduction/learn-gitpod/the-life-of-a-workspace 301
/docs/life-of-workspace /docs/introduction/learn-gitpod/the-life-of-a-workspace 301
/docs/languages/java /docs/introduction/languages/java 301
/docs/references/product-compatibility-matrix /docs/references/compatibility 301
/docs/references/roadmap /docs/support/public-roadmap 301
/docs/checkout-location /docs/configure/projects/workspace-location 301
/docs/languages /docs/introduction/languages 301